{"global": 0.6958414063794451, "by_domain": {"tamper_dir": 0.8677972148010719}}